<code_scheme name="Default" version="173">
  <PHPCodeStyleSettings>
    <option name="NAMESPACE_BRACE_STYLE" value="2" />
  </PHPCodeStyleSettings>
  <codeStyleSettings language="CSS">
    <indentOptions>
      <option name="INDENT_SIZE" value="2" />
    </indentOptions>
  </codeStyleSettings>
  <codeStyleSettings language="CoffeeScript">
    <indentOptions>
      <option name="INDENT_SIZE" value="4" />
    </indentOptions>
  </codeStyleSettings>
  <codeStyleSettings language="Gherkin">
    <indentOptions>
      <option name="INDENT_SIZE" value="4" />
    </indentOptions>
  </codeStyleSettings>
  <codeStyleSettings language="Haml">
    <indentOptions>
      <option name="INDENT_SIZE" value="4" />
    </indentOptions>
  </codeStyleSettings>
  <codeStyleSettings language="JSON">
    <indentOptions>
      <option name="INDENT_SIZE" value="4" />
    </indentOptions>
  </codeStyleSettings>
  <codeStyleSettings language="PHP">
    <option name="BRACE_STYLE" value="2" />
    <option name="LAMBDA_BRACE_STYLE" value="2" />
    <option name="KEEP_SIMPLE_METHODS_IN_ONE_LINE" value="true" />
    <indentOptions>
      <option name="SMART_TABS" value="true" />
      <option name="KEEP_INDENTS_ON_EMPTY_LINES" value="true" />
    </indentOptions>
  </codeStyleSettings>
  <codeStyleSettings language="Shell Script">
    <indentOptions>
      <option name="INDENT_SIZE" value="4" />
    </indentOptions>
  </codeStyleSettings>
  <codeStyleSettings language="yaml">
    <indentOptions>
      <option name="INDENT_SIZE" value="4" />
    </indentOptions>
  </codeStyleSettings>
</code_scheme>