<application>
  <component name="DefaultFont">
    <option name="FONT_SIZE" value="12" />
    <option name="FONT_FAMILY" value="Fira Code Medium" />
    <option name="LINE_SPACING" value="0.8" />
  </component>
  <component name="EditorSettings">
    <option name="USE_SOFT_WRAPS" value="MAIN_EDITOR" />
    <option name="SOFT_WRAP_FILE_MASKS" value="*.md; *.txt; *.rst; *.adoc; *" />
    <option name="CUSTOM_SOFT_WRAP_INDENT" value="2" />
    <option name="IS_WHITESPACES_SHOWN" value="true" />
  </component>
  <component name="TodoConfiguration">
    <pattern pattern="\b(todo|fixme)\b.*" />
    <pattern pattern="\bDEONISIU\b.*" />
    <filter name="deonisiu">
      <pattern index="1" />
    </filter>
  </component>
</application>