<application>
  <component name="GitRememberedInputs">
    <option name="visitedUrls">
      <list>
        <UrlAndUserName>
          <option name="url" value="http://bitbucket.org" />
          <option name="userName" value="deonisiu" />
        </UrlAndUserName>
        <UrlAndUserName>
          <option name="url" value="https://deonisiu@bitbucket.org/itbizonteam/bankirromsk.ru-b24.git" />
          <option name="userName" value="" />
        </UrlAndUserName>
        <UrlAndUserName>
          <option name="url" value="https://deonisiu@bitbucket.org/itbizonteam/rsk24.com-b24.git" />
          <option name="userName" value="" />
        </UrlAndUserName>
        <UrlAndUserName>
          <option name="url" value="https://deonisiu@bitbucket.org/itbizonteam/crm.partnet-pz.ru.git" />
          <option name="userName" value="" />
        </UrlAndUserName>
        <UrlAndUserName>
          <option name="url" value="https://deonisiu@bitbucket.org/itbizonteam/portal.olimpias.ru-bx24.git" />
          <option name="userName" value="" />
        </UrlAndUserName>
      </list>
    </option>
    <option name="cloneParentDir" value="E:\!_JOB_!\Itbizon\Projects" />
  </component>
  <component name="Vcs.Log.App.Settings">
    <option name="COLUMN_ORDER">
      <list>
        <option value="0" />
        <option value="1" />
        <option value="2" />
        <option value="3" />
      </list>
    </option>
  </component>
</application>