<application>
  <component name="GitRememberedInputs">
    <option name="visitedUrls">
      <list>
        <UrlAndUserName>
          <option name="url" value="http://bitbucket.org" />
          <option name="userName" value="deonisiu" />
        </UrlAndUserName>
        <UrlAndUserName>
          <option name="url" value="https://deonisiu@bitbucket.org/itbizonteam/bankirromsk.ru-b24.git" />
          <option name="userName" value="" />
        </UrlAndUserName>
      </list>
    </option>
    <option name="cloneParentDir" value="C:\Users\deoni\Desktop\ITbiZon\Projects" />
  </component>
</application>